3;270
3,02;269
3,04;267
3,06;265
3,08;264
3,1;264
3,12;262
3,14;260
3,16;259
3,18;258
3,2;257
3,22;255
3,24;253
3,26;251
3,28;249
3,3;248
3,32;246
3,34;245
3,36;244
3,38;244
3,4;243
3,42;243
3,44;243
3,46;242
3,48;241
3,5;241
3,52;239
3,54;240
3,56;238
3,58;239
3,6;239
3,62;238
3,64;237
3,66;237
3,68;236
3,7;236
3,72;235
3,74;234
3,76;234
3,78;233
3,8;233
3,82;234
3,84;235
3,86;235
3,88;234
3,9;234
3,92;235
3,94;234
3,96;232
3,98;230
4;229
4,02;229
4,04;228
4,06;227
4,08;226
4,1;226
4,12;225
4,14;224
4,16;221
4,18;221
4,2;222
4,22;221
4,24;219
4,26;219
4,28;217
4,3;217
4,32;216
4,34;216
4,36;214
4,38;214
4,4;213
4,42;213
4,44;211
4,46;212
4,48;211
4,5;211
4,52;212
4,54;212
4,56;213
4,58;214
4,6;215
4,62;215
4,64;215
4,66;216
4,68;217
4,7;217
4,72;216
4,74;216
4,76;217
4,78;217
4,8;217
4,82;218
4,84;218
4,86;218
4,88;219
4,9;220
4,92;219
4,94;219
4,96;218
4,98;218
5;217
5,02;216
5,04;216
5,06;216
5,08;215
5,1;216
5,12;215
5,14;215
5,16;214
5,18;214
5,2;213
5,22;214
5,24;213
5,26;212
5,28;213
5,3;213
5,32;213
5,34;215
5,36;215
5,38;215
5,4;215
5,42;215
5,44;215
5,46;216
5,48;215
5,5;216
5,52;216
5,54;216
5,56;218
5,58;218
5,6;218
5,62;219
5,64;218
5,66;218
5,68;217
5,7;218
5,72;219
5,74;219
5,76;219
5,78;220
5,8;221
5,82;222
5,84;224
5,86;223
5,88;223
5,9;224
5,92;223
5,94;224
5,96;225
5,98;224
6;225
6,02;226
6,04;227
6,06;226
6,08;227
6,1;227
6,12;225
6,14;227
6,16;227
6,18;228
6,2;229
6,22;230
6,24;229
6,26;229
6,28;228
6,3;230
6,32;230
6,34;230
6,36;230
6,38;231
6,4;231
6,42;232
6,44;231
6,46;231
6,48;230
6,5;231
6,52;232
6,54;233
6,56;233
6,58;232
6,6;232
6,62;231
6,64;232
6,66;232
6,68;232
6,7;233
6,72;233
6,74;233
6,76;234
6,78;235
6,8;236
6,82;237
6,84;238
6,86;238
6,88;238
6,9;240
6,92;240
6,94;240
6,96;241
6,98;242
7;244
7,02;243
7,04;244
7,06;245
7,08;245
7,1;246
7,12;247
7,14;248
7,16;247
7,18;249
7,2;250
7,22;250
7,24;249
7,26;251
7,28;251
7,3;251
7,32;249
7,34;249
7,36;250
7,38;249
7,4;250
7,42;248
7,44;249
7,46;249
7,48;249
7,5;249
7,52;249
7,54;249
7,56;249
7,58;248
7,6;249
7,62;248
7,64;248
7,66;249
7,68;249
7,7;250
7,72;250
7,74;251
7,76;251
7,78;251
7,8;253
7,82;255
7,84;258
7,86;259
7,88;261
7,9;263
7,92;264
7,94;264
7,96;264
7,98;264
8;265
8,02;267
8,04;267
8,06;270
8,08;269
8,1;271
8,12;272
8,14;273
8,16;274
8,18;274
8,2;275
8,22;275
8,24;275
8,26;275
8,28;276
8,3;276
8,32;275
8,34;276
8,36;277
8,38;277
8,4;277
8,42;277
8,44;276
8,46;276
8,48;275
8,5;276
8,52;275
8,54;274
8,56;273
8,58;274
8,6;274
8,62;272
8,64;273
8,66;273
8,68;273
8,7;274
8,72;276
8,74;277
8,76;278
8,78;280
8,8;281
8,82;283
8,84;284
8,86;285
8,88;285
8,9;286
8,92;287
8,94;289
8,96;290
8,98;291
9;292
9,02;293
9,04;294
9,06;295
9,08;297
9,1;298
9,12;298
9,14;298
9,16;297
9,18;298
9,2;296
9,22;296
9,24;296
9,26;296
9,28;295
9,3;296
9,32;297
9,34;299
9,36;299
9,38;299
9,4;300
9,42;302
9,44;301
9,46;301
9,48;302
9,5;302
9,52;304
9,54;305
9,56;304
9,58;304
9,6;306
9,62;306
9,64;308
9,66;310
9,68;312
9,7;313
9,72;313
9,74;314
9,76;314
9,78;314
9,8;314
9,82;314
9,84;315
9,86;314
9,88;313
9,9;314
9,92;314
9,94;315
9,96;312
9,98;314
10;313
10,02;314
10,04;314
10,06;314
10,08;313
10,1;313
10,12;313
10,14;312
10,16;311
10,18;311
10,2;310
10,22;310
10,24;311
10,26;310
10,28;312
10,3;312
10,32;311
10,34;314
10,36;315
10,38;317
10,4;319
10,42;320
10,44;321
10,46;321
10,48;322
10,5;324
10,52;324
10,54;326
10,56;330
10,58;332
10,6;333
10,62;334
10,64;336
10,66;339
10,68;340
10,7;340
10,72;342
10,74;345
10,76;346
10,78;347
10,8;346
10,82;346
10,84;345
10,86;344
10,88;341
10,9;340
10,92;339
10,94;337
10,96;336
10,98;335
11;334
11,02;334
11,04;334
11,06;333
11,08;332
11,1;330
11,12;331
11,14;330
11,16;328
11,18;327
11,2;326
11,22;326
11,24;324
11,26;324
11,28;323
11,3;325
11,32;325
11,34;323
11,36;322
11,38;323
11,4;323
11,42;324
11,44;322
11,46;323
11,48;324
11,5;325
11,52;323
11,54;322
11,56;322
11,58;323
11,6;322
11,62;322
11,64;324
11,66;325
11,68;324
11,7;325
11,72;328
11,74;327
11,76;327
11,78;328
11,8;328
11,82;327
11,84;329
11,86;328
11,88;329
11,9;327
11,92;328
11,94;329
11,96;329
11,98;329
12;328
12,02;330
12,04;330
12,06;330
12,08;330
12,1;328
12,12;328
12,14;331
12,16;331
12,18;332
12,2;334
12,22;336
12,24;335
12,26;338
12,28;336
12,3;338
12,32;340
12,34;342
12,36;342
12,38;343
12,4;344
12,42;343
12,44;342
12,46;344
12,48;344
12,5;340
12,52;340
12,54;340
12,56;340
12,58;340
12,6;341
12,62;340
12,64;341
12,66;340
12,68;340
12,7;342
12,72;341
12,74;342
12,76;341
12,78;340
12,8;340
12,82;339
12,84;339
12,86;338
12,88;339
12,9;338
12,92;337
12,94;335
12,96;336
12,98;334
13;335
13,02;334
13,04;335
13,06;338
13,08;338
13,1;339
13,12;339
13,14;338
13,16;337
13,18;336
13,2;335
13,22;336
13,24;336
13,26;336
13,28;338
13,3;339
13,32;340
13,34;341
13,36;341
13,38;342
13,4;343
13,42;342
13,44;343
13,46;346
13,48;345
13,5;346
13,52;346
13,54;347
13,56;347
13,58;347
13,6;346
13,62;346
13,64;346
13,66;344
13,68;344
13,7;343
13,72;344
13,74;344
13,76;346
13,78;345
13,8;348
13,82;347
13,84;346
13,86;347
13,88;346
13,9;345
13,92;345
13,94;346
13,96;346
13,98;348
14;348
14,02;348
14,04;348
14,06;350
14,08;349
14,1;350
14,12;349
14,14;350
14,16;350
14,18;348
14,2;350
14,22;350
14,24;349
14,26;351
14,28;350
14,3;350
14,32;349
14,34;348
14,36;348
14,38;347
14,4;346
14,42;345
14,44;345
14,46;344
14,48;343
14,5;343
14,52;342
14,54;343
14,56;343
14,58;342
14,6;342
14,62;344
14,64;344
14,66;343
14,68;344
14,7;345
14,72;344
14,74;346
14,76;346
14,78;348
14,8;349
14,82;350
14,84;350
14,86;352
14,88;351
14,9;352
14,92;354
14,94;353
14,96;354
14,98;355
15;356
15,02;357
15,04;358
15,06;359
15,08;360
15,1;361
15,12;362
15,14;360
15,16;360
15,18;361
15,2;359
15,22;359
15,24;359
15,26;359
15,28;360
15,3;360
15,32;360
15,34;359
15,36;358
15,38;358
15,4;356
15,42;355
15,44;355
15,46;354
15,48;354
15,5;356
15,52;357
15,54;359
15,56;361
15,58;360
15,6;361
15,62;361
15,64;362
15,66;362
15,68;362
15,7;361
15,72;361
15,74;361
15,76;361
15,78;362
15,8;363
15,82;365
15,84;366
15,86;367
15,88;366
15,9;366
15,92;367
15,94;368
15,96;367
15,98;368
16;366
16,02;366
16,04;367
16,06;367
16,08;367
16,1;366
16,12;366
16,14;365
16,16;366
16,18;367
16,2;368
16,22;369
16,24;372
16,26;375
16,28;375
16,3;374
16,32;376
16,34;374
16,36;374
16,38;372
16,4;371
16,42;370
16,44;369
16,46;368
16,48;368
16,5;369
16,52;370
16,54;372
16,56;373
16,58;372
16,6;373
16,62;375
16,64;375
16,66;376
16,68;376
16,7;377
16,72;377
16,74;376
16,76;376
16,78;376
16,8;375
16,82;375
16,84;375
16,86;377
16,88;376
16,9;376
16,92;378
16,94;378
16,96;377
16,98;375
17;375
17,02;374
17,04;372
17,06;372
17,08;372
17,1;369
17,12;369
17,14;369
17,16;368
17,18;367
17,2;366
17,22;367
17,24;367
17,26;368
17,28;368
17,3;369
17,32;369
17,34;369
17,36;372
17,38;373
17,4;372
17,42;371
17,44;372
17,46;372
17,48;371
17,5;371
17,52;372
17,54;371
17,56;371
17,58;373
17,6;372
17,62;373
17,64;371
17,66;372
17,68;370
17,7;369
17,72;368
17,74;368
17,76;368
17,78;369
17,8;370
17,82;370
17,84;371
17,86;371
17,88;369
17,9;369
17,92;369
17,94;370
17,96;371
17,98;371
18;372
18,02;373
18,04;371
18,06;371
18,08;372
18,1;373
18,12;374
18,14;373
18,16;372
18,18;373
18,2;375
18,22;376
18,24;376
18,26;378
18,28;378
18,3;379
18,32;381
18,34;383
18,36;384
18,38;387
18,4;389
18,42;390
18,44;390
18,46;392
18,48;393
18,5;393
18,52;394
18,54;397
18,56;397
18,58;396
18,6;396
18,62;395
18,64;394
18,66;395
18,68;392
18,7;392
18,72;389
18,74;388
18,76;387
18,78;383
18,8;381
18,82;380
18,84;378
18,86;376
18,88;373
18,9;369
18,92;369
18,94;370
18,96;369
18,98;367
19;365
19,02;364
19,04;363
19,06;364
19,08;364
19,1;365
19,12;365
19,14;365
19,16;366
19,18;366
19,2;366
19,22;366
19,24;367
19,26;366
19,28;366
19,3;367
19,32;366
19,34;365
19,36;367
19,38;365
19,4;364
19,42;365
19,44;366
19,46;368
19,48;368
19,5;370
19,52;371
19,54;373
19,56;374
19,58;373
19,6;373
19,62;374
19,64;373
19,66;374
19,68;375
19,7;374
19,72;374
19,74;375
19,76;376
19,78;378
19,8;377
19,82;378
19,84;378
19,86;377
19,88;376
19,9;376
19,92;379
19,94;378
19,96;376
19,98;373
20;371
20,02;370
20,04;370
20,06;369
20,08;369
20,1;367
20,12;368
20,14;367
20,16;369
20,18;372
20,2;374
20,22;374
20,24;376
20,26;377
20,28;379
20,3;379
20,32;378
20,34;377
20,36;377
20,38;378
20,4;378
20,42;379
20,44;379
20,46;380
20,48;379
20,5;378
20,52;376
20,54;375
20,56;374
20,58;373
20,6;371
20,62;371
20,64;371
20,66;372
20,68;372
20,7;369
20,72;368
20,74;366
20,76;365
20,78;364
20,8;363
20,82;361
20,84;362
20,86;361
20,88;361
20,9;360
20,92;361
20,94;360
20,96;359
20,98;358
21;360
21,02;360
21,04;360
21,06;359
21,08;359
21,1;359
21,12;361
21,14;362
21,16;362
21,18;363
21,2;362
21,22;362
21,24;359
21,26;360
21,28;359
21,3;359
21,32;362
21,34;363
21,36;364
21,38;366
21,4;367
21,42;367
21,44;369
21,46;371
21,48;373
21,5;375
21,52;377
21,54;379
21,56;381
21,58;381
21,6;385
21,62;385
21,64;385
21,66;386
21,68;387
21,7;386
21,72;386
21,74;385
21,76;387
21,78;387
21,8;387
21,82;385
21,84;384
21,86;384
21,88;385
21,9;381
21,92;380
21,94;378
21,96;376
21,98;376
22;374
22,02;372
22,04;370
22,06;371
22,08;374
22,1;374
22,12;372
22,14;370
22,16;373
22,18;373
22,2;376
22,22;378
22,24;380
22,26;379
22,28;376
22,3;376
22,32;375
22,34;375
22,36;376
22,38;374
22,4;372
22,42;373
22,44;371
22,46;369
22,48;369
22,5;370
22,52;369
22,54;367
22,56;365
22,58;365
22,6;365
22,62;366
22,64;366
22,66;365
22,68;365
22,7;366
22,72;367
22,74;366
22,76;365
22,78;364
22,8;366
22,82;367
22,84;370
22,86;370
22,88;371
22,9;372
22,92;375
22,94;375
22,96;378
22,98;379
23;379
23,02;380
23,04;380
23,06;383
23,08;385
23,1;387
23,12;386
23,14;386
23,16;388
23,18;389
23,2;389
23,22;391
23,24;391
23,26;390
23,28;389
23,3;389
23,32;388
23,34;388
23,36;385
23,38;384
23,4;381
23,42;380
23,44;377
23,46;376
23,48;375
23,5;373
23,52;372
23,54;372
23,56;373
23,58;372
23,6;372
23,62;370
23,64;371
23,66;369
23,68;369
23,7;368
23,72;369
23,74;368
23,76;367
23,78;366
23,8;365
23,82;366
23,84;364
23,86;362
23,88;361
23,9;362
23,92;364
23,94;363
23,96;362
23,98;362
24;360
24,02;360
24,04;357
24,06;357
24,08;357
24,1;357
24,12;356
24,14;357
24,16;357
24,18;357
24,2;356
24,22;357
24,24;357
24,26;357
24,28;357
24,3;359
24,32;358
24,34;359
24,36;358
24,38;358
24,4;359
24,42;358
24,44;358
24,46;357
24,48;359
24,5;359
24,52;358
24,54;361
24,56;361
24,58;360
24,6;359
24,62;359
24,64;360
24,66;360
24,68;360
24,7;359
24,72;360
24,74;361
24,76;361
24,78;362
24,8;362
24,82;363
24,84;363
24,86;364
24,88;363
24,9;363
24,92;365
24,94;365
24,96;366
24,98;368
25;369
25,02;371
25,04;372
25,06;375
25,08;374
25,1;376
25,12;378
25,14;378
25,16;379
25,18;379
25,2;379
25,22;379
25,24;380
25,26;378
25,28;379
25,3;380
25,32;380
25,34;381
25,36;385
25,38;387
25,4;392
25,42;396
25,44;402
25,46;409
25,48;417
25,5;426
25,52;435
25,54;443
25,56;451
25,58;458
25,6;465
25,62;473
25,64;478
25,66;484
25,68;488
25,7;491
25,72;495
25,74;498
25,76;498
25,78;497
25,8;495
25,82;492
25,84;488
25,86;486
25,88;482
25,9;472
25,92;464
25,94;454
25,96;444
25,98;436
26;426
26,02;417
26,04;408
26,06;400
26,08;392
26,1;385
26,12;379
26,14;373
26,16;368
26,18;364
26,2;363
26,22;362
26,24;363
26,26;363
26,28;360
26,3;358
26,32;357
26,34;356
26,36;355
26,38;354
26,4;352
26,42;352
26,44;353
26,46;355
26,48;356
26,5;356
26,52;356
26,54;356
26,56;358
26,58;359
26,6;360
26,62;361
26,64;359
26,66;356
26,68;356
26,7;354
26,72;354
26,74;352
26,76;352
26,78;350
26,8;352
26,82;352
26,84;351
26,86;351
26,88;353
26,9;353
26,92;354
26,94;356
26,96;355
26,98;355
27;355
27,02;355
27,04;353
27,06;353
27,08;354
27,1;353
27,12;352
27,14;352
27,16;353
27,18;355
27,2;356
27,22;356
27,24;356
27,26;355
27,28;354
27,3;352
27,32;350
27,34;349
27,36;347
27,38;346
27,4;344
27,42;341
27,44;341
27,46;341
27,48;339
27,5;339
27,52;340
27,54;341
27,56;343
27,58;344
27,6;345
27,62;347
27,64;351
27,66;351
27,68;353
27,7;355
27,72;358
27,74;364
27,76;368
27,78;371
27,8;373
27,82;378
27,84;384
27,86;386
27,88;391
27,9;395
27,92;399
27,94;402
27,96;403
27,98;405
28;405
28,02;405
28,04;406
28,06;406
28,08;404
28,1;404
28,12;403
28,14;402
28,16;401
28,18;402
28,2;403
28,22;402
28,24;403
28,26;406
28,28;411
28,3;416
28,32;419
28,34;426
28,36;432
28,38;439
28,4;444
28,42;450
28,44;456
28,46;461
28,48;470
28,5;475
28,52;479
28,54;485
28,56;492
28,58;498
28,6;504
28,62;508
28,64;514
28,66;518
28,68;520
28,7;522
28,72;522
28,74;522
28,76;521
28,78;520
28,8;516
28,82;511
28,84;506
28,86;501
28,88;496
28,9;489
28,92;482
28,94;477
28,96;470
28,98;465
29;462
29,02;457
29,04;450
29,06;445
29,08;439
29,1;435
29,12;428
29,14;420
29,16;414
29,18;409
29,2;405
29,22;403
29,24;401
29,26;397
29,28;398
29,3;399
29,32;399
29,34;400
29,36;403
29,38;406
29,4;410
29,42;411
29,44;413
29,46;416
29,48;417
29,5;419
29,52;420
29,54;421
29,56;420
29,58;418
29,6;418
29,62;416
29,64;413
29,66;409
29,68;408
29,7;408
29,72;405
29,74;403
29,76;399
29,78;394
29,8;390
29,82;387
29,84;382
29,86;378
29,88;375
29,9;371
29,92;370
29,94;366
29,96;364
29,98;361
30;357
30,02;356
30,04;355
30,06;354
30,08;354
30,1;354
30,12;356
30,14;358
30,16;358
30,18;358
30,2;360
30,22;361
30,24;362
30,26;363
30,28;364
30,3;364
30,32;365
30,34;367
30,36;369
30,38;371
30,4;374
30,42;375
30,44;377
30,46;378
30,48;378
30,5;381
30,52;382
30,54;382
30,56;381
30,58;382
30,6;383
30,62;382
30,64;383
30,66;383
30,68;381
30,7;380
30,72;379
30,74;377
30,76;376
30,78;376
30,8;374
30,82;374
30,84;373
30,86;372
30,88;372
30,9;370
30,92;368
30,94;366
30,96;366
30,98;368
31;368
31,02;368
31,04;367
31,06;369
31,08;372
31,1;371
31,12;375
31,14;376
31,16;379
31,18;380
31,2;383
31,22;385
31,24;391
31,26;399
31,28;403
31,3;411
31,32;422
31,34;437
31,36;449
31,38;466
31,4;485
31,42;505
31,44;529
31,46;557
31,48;583
31,5;609
31,52;635
31,54;660
31,56;682
31,58;705
31,6;725
31,62;741
31,64;758
31,66;771
31,68;783
31,7;792
31,72;804
31,74;813
31,76;816
31,78;818
31,8;821
31,82;822
31,84;818
31,86;814
31,88;808
31,9;797
31,92;786
31,94;769
31,96;753
31,98;737
32;721
32,02;703
32,04;685
32,06;667
32,08;651
32,1;637
32,12;621
32,14;607
32,16;594
32,18;581
32,2;572
32,22;558
32,24;542
32,26;526
32,28;510
32,3;495
32,32;479
32,34;466
32,36;452
32,38;441
32,4;432
32,42;424
32,44;421
32,46;418
32,48;420
32,5;421
32,52;423
32,54;430
32,56;444
32,58;453
32,6;467
32,62;481
32,64;494
32,66;507
32,68;520
32,7;533
32,72;546
32,74;557
32,76;566
32,78;574
32,8;579
32,82;584
32,84;588
32,86;590
32,88;587
32,9;583
32,92;578
32,94;573
32,96;566
32,98;555
33;542
33,02;528
33,04;514
33,06;499
33,08;484
33,1;468
33,12;453
33,14;438
33,16;422
33,18;410
33,2;397
33,22;384
33,24;375
33,26;367
33,28;360
33,3;357
33,32;356
33,34;353
33,36;351
33,38;349
33,4;350
33,42;348
33,44;346
33,46;346
33,48;344
33,5;344
33,52;344
33,54;348
33,56;351
33,58;356
33,6;359
33,62;363
33,64;367
33,66;373
33,68;379
33,7;384
33,72;390
33,74;394
33,76;397
33,78;401
33,8;406
33,82;411
33,84;416
33,86;419
33,88;422
33,9;423
33,92;425
33,94;425
33,96;424
33,98;423
34;421
34,02;418
34,04;412
34,06;408
34,08;402
34,1;395
34,12;388
34,14;382
34,16;375
34,18;368
34,2;361
34,22;353
34,24;346
34,26;342
34,28;337
34,3;334
34,32;330
34,34;326
34,36;323
34,38;320
34,4;319
34,42;316
34,44;316
34,46;315
34,48;316
34,5;316
34,52;317
34,54;317
34,56;318
34,58;318
34,6;320
34,62;318
34,64;317
34,66;317
34,68;318
34,7;320
34,72;321
34,74;320
34,76;321
34,78;320
34,8;319
34,82;320
34,84;320
34,86;322
34,88;323
34,9;324
34,92;325
34,94;327
34,96;326
34,98;326
35;327
35,02;327
35,04;328
35,06;330
35,08;329
35,1;330
35,12;330
35,14;331
35,16;331
35,18;332
35,2;334
35,22;334
35,24;334
35,26;334
35,28;334
35,3;334
35,32;335
35,34;334
35,36;333
35,38;333
35,4;334
35,42;334
35,44;335
35,46;336
35,48;335
35,5;333
35,52;335
35,54;335
35,56;336
35,58;338
35,6;337
35,62;338
35,64;338
35,66;338
35,68;338
35,7;339
35,72;336
35,74;335
35,76;336
35,78;336
35,8;336
35,82;335
35,84;332
35,86;332
35,88;329
35,9;329
35,92;327
35,94;326
35,96;323
35,98;323
36;321
36,02;320
36,04;319
36,06;318
36,08;316
36,1;314
36,12;313
36,14;313
36,16;313
36,18;312
36,2;312
36,22;311
36,24;311
36,26;311
36,28;314
36,3;313
36,32;315
36,34;313
36,36;313
36,38;312
36,4;313
36,42;311
36,44;310
36,46;310
36,48;308
36,5;308
36,52;308
36,54;307
36,56;305
36,58;304
36,6;304
36,62;302
36,64;302
36,66;302
36,68;300
36,7;300
36,72;300
36,74;300
36,76;298
36,78;298
36,8;301
36,82;301
36,84;302
36,86;302
36,88;303
36,9;304
36,92;305
36,94;305
36,96;307
36,98;308
37;310
37,02;311
37,04;312
37,06;312
37,08;313
37,1;312
37,12;312
37,14;311
37,16;312
37,18;310
37,2;311
37,22;310
37,24;309
37,26;308
37,28;309
37,3;308
37,32;306
37,34;306
37,36;307
37,38;304
37,4;303
37,42;304
37,44;303
37,46;305
37,48;304
37,5;304
37,52;306
37,54;308
37,56;310
37,58;311
37,6;312
37,62;314
37,64;316
37,66;319
37,68;322
37,7;323
37,72;327
37,74;327
37,76;329
37,78;332
37,8;333
37,82;335
37,84;336
37,86;338
37,88;338
37,9;339
37,92;339
37,94;338
37,96;338
37,98;336
38;334
38,02;331
38,04;329
38,06;325
38,08;323
38,1;321
38,12;317
38,14;314
38,16;313
38,18;311
38,2;307
38,22;305
38,24;301
38,26;298
38,28;297
38,3;296
38,32;295
38,34;294
38,36;294
38,38;293
38,4;294
38,42;294
38,44;294
38,46;293
38,48;294
38,5;293
38,52;293
38,54;295
38,56;295
38,58;296
38,6;298
38,62;299
38,64;301
38,66;301
38,68;302
38,7;305
38,72;306
38,74;306
38,76;307
38,78;308
38,8;310
38,82;312
38,84;315
38,86;317
38,88;318
38,9;322
38,92;323
38,94;324
38,96;327
38,98;328
39;331
39,02;332
39,04;334
39,06;336
39,08;337
39,1;338
39,12;337
39,14;336
39,16;336
39,18;334
39,2;334
39,22;332
39,24;333
39,26;331
39,28;330
39,3;331
39,32;330
39,34;330
39,36;328
39,38;329
39,4;331
39,42;331
39,44;335
39,46;338
39,48;340
39,5;343
39,52;347
39,54;350
39,56;354
39,58;359
39,6;362
39,62;365
39,64;368
39,66;372
39,68;373
39,7;376
39,72;378
39,74;377
39,76;379
39,78;379
39,8;377
39,82;374
39,84;371
39,86;367
39,88;363
39,9;359
39,92;354
39,94;349
39,96;347
39,98;342
40;338
40,02;334
40,04;330
40,06;325
40,08;320
40,1;318
40,12;314
40,14;313
40,16;311
40,18;309
40,2;307
40,22;305
40,24;304
40,26;304
40,28;302
40,3;302
40,32;303
40,34;302
40,36;302
40,38;302
40,4;303
40,42;303
40,44;302
40,46;302
40,48;300
40,5;299
40,52;299
40,54;297
40,56;296
40,58;296
40,6;296
40,62;296
40,64;296
40,66;295
40,68;296
40,7;298
40,72;299
40,74;298
40,76;298
40,78;299
40,8;300
40,82;300
40,84;300
40,86;299
40,88;298
40,9;298
40,92;297
40,94;297
40,96;296
40,98;296
41;298
41,02;298
41,04;298
41,06;299
41,08;299
41,1;299
41,12;300
41,14;298
41,16;297
41,18;297
41,2;297
41,22;298
41,24;298
41,26;298
41,28;299
41,3;299
41,32;301
41,34;299
41,36;299
41,38;300
41,4;301
41,42;300
41,44;300
41,46;300
41,48;300
41,5;301
41,52;304
41,54;306
41,56;307
41,58;307
41,6;309
41,62;311
41,64;314
41,66;318
41,68;321
41,7;323
41,72;325
41,74;327
41,76;329
41,78;331
41,8;334
41,82;335
41,84;336
41,86;335
41,88;336
41,9;336
41,92;337
41,94;338
41,96;337
41,98;337
42;335
42,02;332
42,04;330
42,06;326
42,08;325
42,1;320
42,12;318
42,14;314
42,16;311
42,18;307
42,2;306
42,22;304
42,24;303
42,26;302
42,28;302
42,3;301
42,32;299
42,34;299
42,36;300
42,38;299
42,4;299
42,42;298
42,44;297
42,46;295
42,48;294
42,5;293
42,52;294
42,54;294
42,56;295
42,58;293
42,6;292
42,62;293
42,64;293
42,66;292
42,68;292
42,7;293
42,72;291
42,74;293
42,76;293
42,78;293
42,8;293
42,82;293
42,84;292
42,86;293
42,88;295
42,9;295
42,92;296
42,94;298
42,96;298
42,98;298
43;299
43,02;300
43,04;298
43,06;298
43,08;297
43,1;297
43,12;298
43,14;296
43,16;298
43,18;295
43,2;295
43,22;294
43,24;294
43,26;295
43,28;296
43,3;296
43,32;295
43,34;295
43,36;295
43,38;295
43,4;295
43,42;297
43,44;298
43,46;299
43,48;300
43,5;301
43,52;301
43,54;300
43,56;300
43,58;303
43,6;303
43,62;304
43,64;304
43,66;304
43,68;305
43,7;305
43,72;304
43,74;303
43,76;304
43,78;303
43,8;302
43,82;303
43,84;302
43,86;302
43,88;303
43,9;302
43,92;302
43,94;300
43,96;303
43,98;304
44;306
44,02;308
44,04;310
44,06;312
44,08;312
44,1;316
44,12;316
44,14;317
44,16;320
44,18;320
44,2;320
44,22;322
44,24;321
44,26;320
44,28;320
44,3;321
44,32;321
44,34;321
44,36;320
44,38;318
44,4;317
44,42;316
44,44;315
44,46;312
44,48;309
44,5;307
44,52;305
44,54;302
44,56;300
44,58;298
44,6;295
44,62;294
44,64;291
44,66;291
44,68;291
44,7;292
44,72;293
44,74;293
44,76;293
44,78;295
44,8;294
44,82;294
44,84;294
44,86;294
44,88;294
44,9;298
44,92;301
44,94;302
44,96;306
44,98;308
45;309
45,02;309
45,04;311
45,06;311
45,08;311
45,1;311
45,12;311
45,14;311
45,16;310
45,18;310
45,2;309
45,22;307
45,24;305
45,26;303
45,28;302
45,3;302
45,32;301
45,34;299
45,36;298
45,38;298
45,4;295
45,42;296
45,44;295
45,46;293
45,48;293
45,5;292
45,52;292
45,54;293
45,56;292
45,58;293
45,6;293
45,62;294
45,64;294
45,66;297
45,68;298
45,7;297
45,72;297
45,74;297
45,76;295
45,78;295
45,8;295
45,82;295
45,84;295
45,86;295
45,88;296
45,9;297
45,92;295
45,94;295
45,96;295
45,98;296
46;296
46,02;297
46,04;298
46,06;299
46,08;299
46,1;300
46,12;301
46,14;303
46,16;304
46,18;309
46,2;314
46,22;318
46,24;325
46,26;328
46,28;334
46,3;342
46,32;348
46,34;354
46,36;360
46,38;369
46,4;377
46,42;386
46,44;392
46,46;398
46,48;403
46,5;409
46,52;411
46,54;414
46,56;415
46,58;415
46,6;414
46,62;412
46,64;409
46,66;404
46,68;397
46,7;393
46,72;385
46,74;378
46,76;371
46,78;362
46,8;354
46,82;346
46,84;337
46,86;329
46,88;321
46,9;313
46,92;306
46,94;301
46,96;297
46,98;291
47;287
47,02;284
47,04;284
47,06;284
47,08;283
47,1;283
47,12;284
47,14;286
47,16;286
47,18;288
47,2;288
47,22;290
47,24;290
47,26;292
47,28;293
47,3;293
47,32;292
47,34;293
47,36;293
47,38;293
47,4;291
47,42;291
47,44;292
47,46;293
47,48;293
47,5;296
47,52;298
47,54;298
47,56;299
47,58;301
47,6;303
47,62;305
47,64;307
47,66;308
47,68;310
47,7;313
47,72;315
47,74;318
47,76;321
47,78;322
47,8;324
47,82;328
47,84;329
47,86;330
47,88;331
47,9;332
47,92;332
47,94;333
47,96;331
47,98;332
48;329
48,02;327
48,04;324
48,06;320
48,08;317
48,1;315
48,12;310
48,14;308
48,16;306
48,18;305
48,2;302
48,22;300
48,24;298
48,26;295
48,28;294
48,3;292
48,32;291
48,34;290
48,36;290
48,38;290
48,4;291
48,42;291
48,44;292
48,46;293
48,48;294
48,5;293
48,52;293
48,54;294
48,56;295
48,58;295
48,6;294
48,62;294
48,64;294
48,66;293
48,68;293
48,7;291
48,72;290
48,74;289
48,76;287
48,78;286
48,8;287
48,82;287
48,84;288
48,86;291
48,88;293
48,9;298
48,92;302
48,94;306
48,96;311
48,98;317
49;323
49,02;331
49,04;339
49,06;346
49,08;352
49,1;361
49,12;370
49,14;376
49,16;381
49,18;385
49,2;389
49,22;393
49,24;395
49,26;396
49,28;397
49,3;398
49,32;396
49,34;393
49,36;388
49,38;383
49,4;379
49,42;372
49,44;367
49,46;358
49,48;350
49,5;344
49,52;336
49,54;330
49,56;325
49,58;319
49,6;314
49,62;310
49,64;304
49,66;300
49,68;295
49,7;292
49,72;291
49,74;291
49,76;289
49,78;289
49,8;288
49,82;288
49,84;290
49,86;291
49,88;290
49,9;289
49,92;291
49,94;293
49,96;294
49,98;295
50;295
50,02;296
50,04;298
50,06;298
50,08;300
50,1;302
50,12;303
50,14;306
50,16;309
50,18;311
50,2;314
50,22;316
50,24;318
50,26;322
50,28;322
50,3;323
50,32;324
50,34;324
50,36;325
50,38;325
50,4;325
50,42;326
50,44;326
50,46;327
50,48;327
50,5;327
50,52;324
50,54;324
50,56;323
50,58;322
50,6;321
50,62;318
50,64;317
50,66;315
50,68;313
50,7;310
50,72;308
50,74;306
50,76;305
50,78;305
50,8;306
50,82;306
50,84;308
50,86;309
50,88;308
50,9;311
50,92;312
50,94;312
50,96;316
50,98;317
51;318
51,02;322
51,04;323
51,06;325
51,08;326
51,1;325
51,12;327
51,14;326
51,16;326
51,18;325
51,2;323
51,22;322
51,24;319
51,26;318
51,28;316
51,3;315
51,32;312
51,34;306
51,36;304
51,38;301
51,4;297
51,42;295
51,44;292
51,46;290
51,48;289
51,5;285
51,52;285
51,54;286
51,56;284
51,58;284
51,6;285
51,62;286
51,64;289
51,66;292
51,68;294
51,7;296
51,72;301
51,74;303
51,76;308
51,78;312
51,8;314
51,82;315
51,84;317
51,86;320
51,88;323
51,9;322
51,92;323
51,94;323
51,96;323
51,98;322
52;321
52,02;319
52,04;317
52,06;313
52,08;310
52,1;307
52,12;306
52,14;304
52,16;300
52,18;297
52,2;294
52,22;290
52,24;287
52,26;282
52,28;281
52,3;278
52,32;274
52,34;274
52,36;273
52,38;272
52,4;271
52,42;270
52,44;271
52,46;273
52,48;274
52,5;277
52,52;279
52,54;280
52,56;282
52,58;285
52,6;287
52,62;290
52,64;292
52,66;294
52,68;297
52,7;299
52,72;300
52,74;302
52,76;304
52,78;305
52,8;308
52,82;309
52,84;309
52,86;310
52,88;310
52,9;310
52,92;309
52,94;308
52,96;307
52,98;306
53;304
53,02;301
53,04;300
53,06;298
53,08;295
53,1;293
53,12;290
53,14;286
53,16;283
53,18;281
53,2;279
53,22;276
53,24;273
53,26;272
53,28;267
53,3;265
53,32;263
53,34;262
53,36;260
53,38;259
53,4;257
53,42;256
53,44;255
53,46;254
53,48;254
53,5;253
53,52;251
53,54;251
53,56;251
53,58;250
53,6;251
53,62;252
53,64;252
53,66;252
53,68;252
53,7;253
53,72;254
53,74;255
53,76;255
53,78;255
53,8;256
53,82;257
53,84;257
53,86;258
53,88;257
53,9;257
53,92;257
53,94;257
53,96;256
53,98;256
54;257
54,02;257
54,04;256
54,06;257
54,08;259
54,1;259
54,12;258
54,14;259
54,16;260
54,18;261
54,2;261
54,22;261
54,24;261
54,26;260
54,28;259
54,3;260
54,32;259
54,34;260
54,36;259
54,38;259
54,4;259
54,42;259
54,44;258
54,46;258
54,48;258
54,5;258
54,52;256
54,54;256
54,56;257
54,58;256
54,6;256
54,62;256
54,64;254
54,66;254
54,68;254
54,7;254
54,72;253
54,74;253
54,76;254
54,78;252
54,8;253
54,82;253
54,84;252
54,86;251
54,88;252
54,9;253
54,92;254
54,94;255
54,96;253
54,98;253
55;252
55,02;252
55,04;252
55,06;252
55,08;253
55,1;254
55,12;253
55,14;254
55,16;255
55,18;253
55,2;253
55,22;254
55,24;255
55,26;256
55,28;256
55,3;258
55,32;260
55,34;262
55,36;263
55,38;264
55,4;264
55,42;266
55,44;266
55,46;268
55,48;267
55,5;267
55,52;268
55,54;268
55,56;269
55,58;269
55,6;268
55,62;270
55,64;269
55,66;269
55,68;270
55,7;270
55,72;269
55,74;269
55,76;269
55,78;269
55,8;266
55,82;265
55,84;265
55,86;265
55,88;265
55,9;265
55,92;266
55,94;265
55,96;266
55,98;265
56;264
56,02;263
56,04;264
56,06;263
56,08;263
56,1;263
56,12;261
56,14;261
56,16;259
56,18;258
56,2;257
56,22;256
56,24;254
56,26;253
56,28;251
56,3;251
56,32;250
56,34;250
56,36;249
56,38;248
56,4;248
56,42;248
56,44;249
56,46;248
56,48;247
56,5;247
56,52;247
56,54;248
56,56;248
56,58;250
56,6;253
56,62;255
56,64;257
56,66;258
56,68;259
56,7;260
56,72;261
56,74;263
56,76;265
56,78;266
56,8;266
56,82;266
56,84;266
56,86;265
56,88;266
56,9;267
56,92;267
56,94;268
56,96;269
56,98;270
57;269
57,02;268
57,04;268
57,06;267
57,08;266
57,1;266
57,12;265
57,14;263
57,16;262
57,18;261
57,2;260
57,22;258
57,24;257
57,26;256
57,28;256
57,3;255
57,32;255
57,34;256
57,36;255
57,38;254
57,4;253
57,42;251
57,44;250
57,46;249
57,48;248
57,5;249
57,52;247
57,54;246
57,56;245
57,58;246
57,6;246
57,62;247
57,64;248
57,66;249
57,68;251
57,7;251
57,72;252
57,74;252
57,76;252
57,78;253
57,8;254
57,82;254
57,84;256
57,86;255
57,88;256
57,9;256
57,92;258
57,94;259
57,96;258
57,98;258
58;259
58,02;259
58,04;259
58,06;258
58,08;258
58,1;257
58,12;256
58,14;254
58,16;253
58,18;252
58,2;252
58,22;252
58,24;252
58,26;253
58,28;251
58,3;252
58,32;253
58,34;254
58,36;254
58,38;255
58,4;254
58,42;255
58,44;254
58,46;254
58,48;254
58,5;254
58,52;254
58,54;253
58,56;253
58,58;251
58,6;251
58,62;250
58,64;250
58,66;249
58,68;247
58,7;246
58,72;245
58,74;244
58,76;245
58,78;244
58,8;244
58,82;245
58,84;245
58,86;244
58,88;242
58,9;243
58,92;243
58,94;244
58,96;243
58,98;243
59;243
59,02;244
59,04;244
59,06;247
59,08;247
59,1;246
59,12;245
59,14;245
59,16;245
59,18;245
59,2;243
59,22;243
59,24;243
59,26;243
59,28;241
59,3;240
59,32;240
59,34;238
59,36;238
59,38;238
59,4;238
59,42;237
59,44;238
59,46;239
59,48;239
59,5;240
59,52;241
59,54;241
59,56;242
59,58;244
59,6;244
59,62;245
59,64;246
59,66;247
59,68;249
59,7;249
59,72;251
59,74;253
59,76;254
59,78;254
59,8;254
59,82;254
59,84;253
59,86;253
59,88;254
59,9;253
59,92;251
59,94;250
59,96;249
59,98;250
60;249
60,02;247
60,04;245
60,06;246
60,08;245
60,1;246
60,12;246
60,14;247
60,16;248
60,18;248
60,2;248
60,22;247
60,24;246
60,26;246
60,28;245
60,3;246
60,32;246
60,34;246
60,36;246
60,38;246
60,4;246
60,42;245
60,44;245
60,46;245
60,48;244
60,5;242
60,52;242
60,54;241
60,56;240
60,58;239
60,6;238
60,62;237
60,64;237
60,66;236
60,68;236
60,7;237
60,72;237
60,74;236
60,76;236
60,78;238
60,8;239
60,82;241
60,84;243
60,86;245
60,88;247
60,9;248
60,92;249
60,94;248
60,96;249
60,98;250
61;250
61,02;253
61,04;253
61,06;255
61,08;254
61,1;255
61,12;256
61,14;257
61,16;258
61,18;260
61,2;259
61,22;261
61,24;261
61,26;261
61,28;260
61,3;259
61,32;259
61,34;258
61,36;257
61,38;257
61,4;256
61,42;254
61,44;254
61,46;254
61,48;252
61,5;252
61,52;253
61,54;253
61,56;250
61,58;249
61,6;249
61,62;248
61,64;247
61,66;246
61,68;246
61,7;244
61,72;245
61,74;244
61,76;243
61,78;243
61,8;242
61,82;242
61,84;243
61,86;245
61,88;245
61,9;246
61,92;246
61,94;246
61,96;244
61,98;245
62;243
62,02;242
62,04;242
62,06;243
62,08;244
62,1;242
62,12;241
62,14;241
62,16;241
62,18;240
62,2;241
62,22;240
62,24;239
62,26;240
62,28;238
62,3;238
62,32;237
62,34;237
62,36;238
62,38;238
62,4;237
62,42;238
62,44;238
62,46;238
62,48;240
62,5;241
62,52;243
62,54;245
62,56;246
62,58;249
62,6;250
62,62;251
62,64;252
62,66;253
62,68;253
62,7;254
62,72;255
62,74;256
62,76;258
62,78;261
62,8;261
62,82;262
62,84;261
62,86;258
62,88;257
62,9;257
62,92;256
62,94;256
62,96;256
62,98;254
63;255
63,02;254
63,04;253
63,06;252
63,08;250
63,1;250
63,12;249
63,14;248
63,16;248
63,18;248
63,2;249
63,22;248
63,24;248
63,26;249
63,28;250
63,3;251
63,32;252
63,34;254
63,36;255
63,38;257
63,4;258
63,42;261
63,44;264
63,46;266
63,48;269
63,5;271
63,52;272
63,54;273
63,56;273
63,58;274
63,6;275
63,62;275
63,64;278
63,66;280
63,68;280
63,7;279
63,72;278
63,74;278
63,76;277
63,78;276
63,8;276
63,82;274
63,84;273
63,86;272
63,88;271
63,9;268
63,92;268
63,94;267
63,96;265
63,98;262
64;259
64,02;258
64,04;255
64,06;254
64,08;252
64,1;251
64,12;250
64,14;249
64,16;249
64,18;248
64,2;246
64,22;244
64,24;243
64,26;241
64,28;239
64,3;240
64,32;239
64,34;239
64,36;239
64,38;238
64,4;238
64,42;235
64,44;236
64,46;236
64,48;238
64,5;239
64,52;240
64,54;242
64,56;244
64,58;245
64,6;248
64,62;248
64,64;249
64,66;249
64,68;250
64,7;249
64,72;249
64,74;249
64,76;250
64,78;250
64,8;253
64,82;254
64,84;253
64,86;254
64,88;255
64,9;256
64,92;258
64,94;258
64,96;257
64,98;257
65;257
65,02;256
65,04;255
65,06;256
65,08;255
65,1;254
65,12;252
65,14;251
65,16;249
65,18;249
65,2;250
65,22;248
65,24;247
65,26;245
65,28;246
65,3;244
65,32;244
65,34;241
65,36;240
65,38;238
65,4;237
65,42;236
65,44;235
65,46;234
65,48;235
65,5;235
65,52;235
65,54;235
65,56;236
65,58;234
65,6;235
65,62;235
65,64;235
65,66;235
65,68;236
65,7;235
65,72;234
65,74;236
65,76;235
65,78;234
65,8;235
65,82;234
65,84;233
65,86;232
65,88;232
65,9;231
65,92;231
65,94;231
65,96;232
65,98;231
66;232
66,02;232
66,04;234
66,06;233
66,08;233
66,1;233
66,12;234
66,14;234
66,16;234
66,18;235
66,2;235
66,22;236
66,24;237
66,26;238
66,28;237
66,3;235
66,32;235
66,34;234
66,36;235
66,38;232
66,4;233
66,42;233
66,44;233
66,46;234
66,48;234
66,5;233
66,52;232
66,54;232
66,56;232
66,58;232
66,6;232
66,62;233
66,64;234
66,66;235
66,68;237
66,7;237
66,72;237
66,74;236
66,76;237
66,78;236
66,8;237
66,82;235
66,84;236
66,86;236
66,88;234
66,9;234
66,92;234
66,94;234
66,96;234
66,98;232
67;230
67,02;229
67,04;226
67,06;225
67,08;225
67,1;224
67,12;225
67,14;223
67,16;224
67,18;223
67,2;224
67,22;224
67,24;224
67,26;224
67,28;225
67,3;225
67,32;226
67,34;225
67,36;225
67,38;226
67,4;227
67,42;225
67,44;225
67,46;224
67,48;223
67,5;223
67,52;225
67,54;224
67,56;225
67,58;225
67,6;226
67,62;227
67,64;227
67,66;228
67,68;227
67,7;227
67,72;226
67,74;226
67,76;227
67,78;227
67,8;229
67,82;231
67,84;232
67,86;233
67,88;233
67,9;232
67,92;233
67,94;233
67,96;234
67,98;234
68;234
68,02;234
68,04;232
68,06;232
68,08;231
68,1;229
68,12;229
68,14;229
68,16;228
68,18;227
68,2;228
68,22;227
68,24;227
68,26;227
68,28;228
68,3;227
68,32;227
68,34;227
68,36;228
68,38;227
68,4;225
68,42;225
68,44;224
68,46;224
68,48;225
68,5;225
68,52;223
68,54;224
68,56;224
68,58;224
68,6;222
68,62;222
68,64;221
68,66;221
68,68;219
68,7;220
68,72;220
68,74;220
68,76;220
68,78;219
68,8;220
68,82;219
68,84;219
68,86;219
68,88;220
68,9;222
68,92;222
68,94;222
68,96;222
68,98;222
69;221
69,02;224
69,04;224
69,06;223
69,08;225
69,1;224
69,12;224
69,14;224
69,16;225
69,18;227
69,2;225
69,22;226
69,24;228
69,26;226
69,28;226
69,3;227
69,32;226
69,34;226
69,36;226
69,38;226
69,4;226
69,42;226
69,44;226
69,46;227
69,48;226
69,5;226
69,52;226
69,54;226
69,56;225
69,58;223
69,6;224
69,62;223
69,64;224
69,66;224
69,68;222
69,7;222
69,72;221
69,74;220
69,76;219
69,78;218
69,8;216
69,82;215
69,84;216
69,86;216
69,88;217
69,9;216
69,92;216
69,94;217
69,96;216
69,98;217
70;218
70,02;217
70,04;218
70,06;218
70,08;219
70,1;220
70,12;221
70,14;222
70,16;221
70,18;221
70,2;222
70,22;223
70,24;224
70,26;224
70,28;224
70,3;223
70,32;222
70,34;223
70,36;223
70,38;222
70,4;223
70,42;222
70,44;222
70,46;223
70,48;221
70,5;222
70,52;221
70,54;221
70,56;222
70,58;222
70,6;222
70,62;222
70,64;222
70,66;222
70,68;222
70,7;223
70,72;221
70,74;221
70,76;222
70,78;222
70,8;221
70,82;221
70,84;222
70,86;221
70,88;220
70,9;221
70,92;220
70,94;221
70,96;221
70,98;222
71;222
71,02;222
71,04;222
71,06;221
71,08;221
71,1;222
71,12;222
71,14;224
71,16;227
71,18;228
71,2;230
71,22;231
71,24;231
71,26;231
71,28;231
71,3;232
71,32;233
71,34;232
71,36;232
71,38;232
71,4;232
71,42;231
71,44;232
71,46;231
71,48;231
71,5;232
71,52;231
71,54;232
71,56;231
71,58;232
71,6;231
71,62;231
71,64;232
71,66;232
71,68;232
71,7;232
71,72;232
71,74;233
71,76;232
71,78;230
71,8;231
71,82;230
71,84;233
71,86;234
71,88;235
71,9;236
71,92;235
71,94;235
71,96;234
71,98;234
72;234
72,02;235
72,04;235
72,06;234
72,08;234
72,1;234
72,12;233
72,14;233
72,16;234
72,18;234
72,2;234
72,22;233
72,24;234
72,26;234
72,28;232
72,3;232
72,32;233
72,34;232
72,36;230
72,38;231
72,4;229
72,42;229
72,44;228
72,46;227
72,48;227
72,5;226
72,52;224
72,54;223
72,56;222
72,58;222
72,6;220
72,62;218
72,64;216
72,66;215
72,68;215
72,7;214
72,72;215
72,74;214
72,76;213
72,78;213
72,8;212
72,82;211
72,84;212
72,86;211
72,88;212
72,9;213
72,92;213
72,94;213
72,96;213
72,98;215
73;215
73,02;215
73,04;216
73,06;219
73,08;222
73,1;222
73,12;221
73,14;223
73,16;223
73,18;225
73,2;225
73,22;227
73,24;227
73,26;226
73,28;226
73,3;226
73,32;226
73,34;227
73,36;228
73,38;231
73,4;232
73,42;233
73,44;233
73,46;233
73,48;233
73,5;231
73,52;233
73,54;233
73,56;234
73,58;235
73,6;235
73,62;235
73,64;236
73,66;235
73,68;235
73,7;236
73,72;236
73,74;235
73,76;235
73,78;235
73,8;234
73,82;233
73,84;233
73,86;231
73,88;231
73,9;232
73,92;232
73,94;232
73,96;229
73,98;227
74;225
74,02;224
74,04;223
74,06;223
74,08;222
74,1;222
74,12;221
74,14;219
74,16;218
74,18;218
74,2;216
74,22;216
74,24;216
74,26;217
74,28;216
74,3;216
74,32;217
74,34;216
74,36;217
74,38;217
74,4;219
74,42;219
74,44;219
74,46;220
74,48;220
74,5;220
74,52;221
74,54;222
74,56;222
74,58;222
74,6;225
74,62;226
74,64;228
74,66;227
74,68;227
74,7;227
74,72;228
74,74;228
74,76;231
74,78;231
74,8;231
74,82;232
74,84;233
74,86;233
74,88;234
74,9;233
74,92;235
74,94;233
74,96;232
74,98;232
75;231
75,02;232
75,04;231
75,06;231
75,08;231
75,1;231
75,12;231
75,14;230
75,16;231
75,18;230
75,2;230
75,22;228
75,24;228
75,26;228
75,28;228
75,3;227
75,32;226
75,34;226
75,36;227
75,38;226
75,4;225
75,42;225
75,44;226
75,46;227
75,48;227
75,5;227
75,52;229
75,54;229
75,56;229
75,58;229
75,6;229
75,62;228
75,64;227
75,66;226
75,68;227
75,7;227
75,72;227
75,74;228
75,76;227
75,78;228
75,8;228
75,82;227
75,84;227
75,86;227
75,88;227
75,9;227
75,92;228
75,94;227
75,96;227
75,98;227
76;227
76,02;227
76,04;228
76,06;227
76,08;228
76,1;227
76,12;227
76,14;229
76,16;228
76,18;230
76,2;230
76,22;232
76,24;233
76,26;233
76,28;234
76,3;235
76,32;235
76,34;236
76,36;238
76,38;238
76,4;240
76,42;241
76,44;242
76,46;244
76,48;244
76,5;245
76,52;245
76,54;247
76,56;248
76,58;249
76,6;250
76,62;250
76,64;251
76,66;251
76,68;252
76,7;252
76,72;252
76,74;252
76,76;252
76,78;252
76,8;251
76,82;250
76,84;249
76,86;249
76,88;250
76,9;248
76,92;246
76,94;246
76,96;244
76,98;243
77;241
77,02;240
77,04;238
77,06;235
77,08;233
77,1;233
77,12;231
77,14;229
77,16;229
77,18;228
77,2;227
77,22;228
77,24;226
77,26;226
77,28;226
77,3;226
77,32;226
77,34;226
77,36;226
77,38;227
77,4;227
77,42;228
77,44;229
77,46;229
77,48;228
77,5;230
77,52;230
77,54;231
77,56;230
77,58;231
77,6;233
77,62;234
77,64;234
77,66;234
77,68;235
77,7;236
77,72;237
77,74;237
77,76;239
77,78;240
77,8;240
77,82;241
77,84;242
77,86;241
77,88;240
77,9;239
77,92;239
77,94;240
77,96;238
77,98;237
78;236
78,02;237
78,04;236
78,06;236
78,08;234
78,1;233
78,12;232
78,14;231
78,16;229
78,18;229
78,2;227
78,22;224
78,24;222
78,26;223
78,28;221
78,3;219
78,32;219
78,34;218
78,36;218
78,38;218
78,4;217
78,42;217
78,44;218
78,46;218
78,48;218
78,5;219
78,52;220
78,54;220
78,56;219
78,58;219
78,6;218
78,62;217
78,64;218
78,66;218
78,68;219
78,7;218
78,72;216
78,74;216
78,76;216
78,78;216
78,8;215
78,82;215
78,84;214
78,86;213
78,88;212
78,9;212
78,92;212
78,94;211
78,96;210
78,98;210
79;212
79,02;211
79,04;210
79,06;209
79,08;209
79,1;208
79,12;207
79,14;208
79,16;209
79,18;209
79,2;209
79,22;209
79,24;210
79,26;209
79,28;210
79,3;210
79,32;211
79,34;212
79,36;211
79,38;210
79,4;211
79,42;211
79,44;210
79,46;210
79,48;211
79,5;212
79,52;212
79,54;212
79,56;210
79,58;210
79,6;211
79,62;210
79,64;211
79,66;213
79,68;213
79,7;214
79,72;215
79,74;214
79,76;215
79,78;214
79,8;214
79,82;215
79,84;217
79,86;218
79,88;218
79,9;219
79,92;218
79,94;217
79,96;217
79,98;218
80;219
80,02;220
80,04;220
80,06;220
80,08;220
80,1;218
80,12;217
80,14;217
80,16;217
80,18;218
80,2;219
80,22;218
80,24;217
80,26;216
80,28;214
80,3;214
80,32;212
80,34;213
80,36;214
80,38;214
80,4;215
80,42;214
80,44;213
80,46;214
80,48;213
80,5;214
80,52;214
80,54;212
80,56;212
80,58;212
80,6;212
80,62;212
80,64;211
80,66;209
80,68;209
80,7;209
80,72;210
80,74;211
80,76;210
80,78;210
80,8;210
80,82;208
80,84;207
80,86;207
80,88;207
80,9;209
80,92;208
80,94;208
80,96;208
80,98;208
81;208
81,02;210
81,04;211
81,06;211
81,08;212
81,1;214
81,12;214
81,14;214
81,16;213
81,18;212
81,2;212
81,22;212
81,24;213
81,26;212
81,28;211
81,3;211
81,32;211
81,34;211
81,36;211
81,38;211
81,4;211
81,42;212
81,44;214
81,46;213
81,48;213
81,5;214
81,52;213
81,54;214
81,56;215
81,58;216
81,6;218
81,62;217
81,64;217
81,66;218
81,68;217
81,7;217
81,72;219
81,74;220
81,76;220
81,78;221
81,8;220
81,82;219
81,84;219
81,86;218
81,88;216
81,9;215
81,92;214
81,94;213
81,96;213
81,98;211
82;211
82,02;209
82,04;209
82,06;209
82,08;207
82,1;207
82,12;208
82,14;208
82,16;207
82,18;206
82,2;205
82,22;206
82,24;205
82,26;206
82,28;207
82,3;207
82,32;209
82,34;209
82,36;208
82,38;208
82,4;208
82,42;209
82,44;208
82,46;210
82,48;210
82,5;208
82,52;209
82,54;210
82,56;211
82,58;212
82,6;213
82,62;213
82,64;214
82,66;215
82,68;215
82,7;215
82,72;215
82,74;215
82,76;216
82,78;218
82,8;218
82,82;218
82,84;218
82,86;220
82,88;220
82,9;220
82,92;220
82,94;219
82,96;219
82,98;220
83;220
83,02;219
83,04;219
83,06;218
83,08;218
83,1;217
83,12;217
83,14;216
83,16;215
83,18;215
83,2;214
83,22;214
83,24;214
83,26;215
83,28;217
83,3;217
83,32;217
83,34;216
83,36;214
83,38;214
83,4;213
83,42;213
83,44;214
83,46;214
83,48;214
83,5;215
83,52;216
83,54;217
83,56;217
83,58;217
83,6;217
83,62;218
83,64;218
83,66;218
83,68;217
83,7;216
83,72;219
83,74;219
83,76;218
83,78;218
83,8;220
83,82;220
83,84;221
83,86;220
83,88;221
83,9;221
83,92;222
83,94;221
83,96;223
83,98;224
84;223
84,02;223
84,04;222
84,06;221
84,08;220
84,1;218
84,12;217
84,14;218
84,16;218
84,18;219
84,2;218
84,22;217
84,24;218
84,26;218
84,28;216
84,3;218
84,32;216
84,34;214
84,36;213
84,38;215
84,4;214
84,42;215
84,44;214
84,46;214
84,48;214
84,5;214
84,52;213
84,54;213
84,56;211
84,58;211
84,6;211
84,62;210
84,64;210
84,66;208
84,68;209
84,7;208
84,72;208
84,74;207
84,76;206
84,78;205
84,8;205
84,82;206
84,84;207
84,86;209
84,88;211
84,9;211
84,92;212
84,94;212
84,96;212
84,98;212
85;212
85,02;211
85,04;212
85,06;213
85,08;211
85,1;212
85,12;214
85,14;216
85,16;216
85,18;217
85,2;216
85,22;216
85,24;214
85,26;213
85,28;213
85,3;213
85,32;212
85,34;213
85,36;212
85,38;211
85,4;211
85,42;211
85,44;211
85,46;212
85,48;212
85,5;212
85,52;211
85,54;211
85,56;212
85,58;213
85,6;212
85,62;212
85,64;210
85,66;208
85,68;207
85,7;206
85,72;204
85,74;204
85,76;203
85,78;203
85,8;204
85,82;203
85,84;205
85,86;206
85,88;206
85,9;206
85,92;205
85,94;205
85,96;205
85,98;204
86;203
86,02;205
86,04;207
86,06;207
86,08;208
86,1;209
86,12;208
86,14;210
86,16;211
86,18;210
86,2;212
86,22;213
86,24;212
86,26;211
86,28;211
86,3;212
86,32;212
86,34;212
86,36;212
86,38;214
86,4;212
86,42;212
86,44;213
86,46;214
86,48;215
86,5;217
86,52;217
86,54;219
86,56;220
86,58;221
86,6;223
86,62;222
86,64;223
86,66;224
86,68;225
86,7;227
86,72;228
86,74;230
86,76;231
86,78;231
86,8;230
86,82;230
86,84;230
86,86;230
86,88;230
86,9;229
86,92;228
86,94;228
86,96;228
86,98;228
87;227
87,02;226
87,04;227
87,06;226
87,08;225
87,1;224
87,12;224
87,14;225
87,16;223
87,18;224
87,2;225
87,22;225
87,24;225
87,26;225
87,28;224
87,3;225
87,32;225
87,34;225
87,36;224
87,38;224
87,4;224
87,42;224
87,44;224
87,46;223
87,48;221
87,5;222
87,52;219
87,54;218
87,56;218
87,58;218
87,6;218
87,62;216
87,64;215
87,66;214
87,68;214
87,7;214
87,72;214
87,74;213
87,76;212
87,78;212
87,8;212
87,82;213
87,84;214
87,86;215
87,88;217
87,9;220
87,92;221
87,94;222
87,96;222
87,98;221
88;224
88,02;224
88,04;226
88,06;226
88,08;227
88,1;228
88,12;229
88,14;229
88,16;230
88,18;230
88,2;229
88,22;229
88,24;229
88,26;230
88,28;228
88,3;228
88,32;227
88,34;226
88,36;225
88,38;223
88,4;222
88,42;220
88,44;219
88,46;217
88,48;216
88,5;214
88,52;213
88,54;213
88,56;212
88,58;213
88,6;211
88,62;210
88,64;210
88,66;209
88,68;207
88,7;206
88,72;207
88,74;206
88,76;208
88,78;207
88,8;208
88,82;209
88,84;208
88,86;208
88,88;207
88,9;208
88,92;207
88,94;207
88,96;206
88,98;207
89;208
89,02;208
89,04;208
89,06;208
89,08;208
89,1;208
89,12;207
89,14;208
89,16;208
89,18;209
89,2;209
89,22;209
89,24;210
89,26;210
89,28;209
89,3;209
89,32;209
89,34;209
89,36;209
89,38;209
89,4;209
89,42;210
89,44;210
89,46;210
89,48;211
89,5;209
89,52;208
89,54;208
89,56;207
89,58;207
89,6;205
89,62;204
89,64;203
89,66;203
89,68;201
89,7;201
89,72;200
89,74;201
89,76;201
89,78;200
89,8;200
89,82;199
89,84;200
89,86;200
89,88;201
89,9;202
89,92;202
89,94;203
89,96;204
89,98;204
90;205
